{
  "anomalies" : [
    {
      "end" : 115,
      "start" : 75,
      "type" : "Metal bumps"
    },
    {
      "end" : 230,
      "start" : 190,
      "type" : "Metal bumps"
    }
  ],
  "metadata" : {
    "duration" : 5.02,
    "md5_hash" : "",
    "samples" : []
  },
  "rot_acc_x" : [
    -1.3252268278000001,
    -0.49785462994099999,
    0.12417366696399999,
    0.48430551172399999,
    0.31758231090900002,
    -0.53699260136100002,
    -0.80935457178499992,
    -0.83967720431600001,
    -0.91175331872199994,
    -0.94698435781500001,
    -1.0594795755199999,
    -0.72096853520899995,
    0.28285963171100004,
    0.729142055746,
    -0.249681753609,
    -0.91565603298899989,
    -0.67335525609799995,
    -0.44522960541500001,
    -0.26172317477899998,
    -0.082486202429399996,
    -0.198280274369,
    -0.670693482121,
    -0.93691349838400007,
    -0.10082635714299999,
    0.228460288968,
    -1.2883973296200002,
    -0.76977666072299999,
    0.29295610248100001,
    0.53707746110999999,
    -0.23880435471099998,
    -0.48713093343900005,
    0.00019474264107599996,
    -0.090464495145400003,
    -0.36431580155400001,
    -0.55302446662500004,
    -0.83571741471700001,
    -0.39603307676999999,
    0.069828574247600014,
    0.59583081683200001,
    0.61743191223100002,
    0.37968819122599995,
    0.11865586154799999,
    0.100091054459,
    0.41145971646799995,
    0.49219571113899996,
    0.14030755032299999,
    0.29873797836499999,
    0.75266341508800005,
    0.27587810164999998,
    0.22002667741700002,
    0.39049852662900003,
    -0.096473664923500013,
    -0.10323907637299999,
    0.0170158860086,
    -0.194511916925,
    0.31329841656500002,
    -0.76921486029999997,
    -0.84956121312499999,
    0.022417539101900003,
    0.70397388958000007,
    0.51831136734399996,
    0.216532061177,
    0.426296904965,
    0.51448448016900006,
    0.45406274055899998,
    0.446639219049,
    0.060154385880199994,
    -0.023095766453599998,
    0.054169902558100003,
    0.22966199495200001,
    0.0254987701761,
    0.30698298306799998,
    0.089824181339699993,
    0.34777245463699996,
    1.1261789740999999,
    0.77057670586500004,
    0.31390894234299999,
    0.198383338618,
    0.15984790647299998,
    0.92155028038499998,
    -0.30495034761299999,
    0.44398271806,
    1.94181437632,
    -0.51688072390399997,
    -0.900264073286,
    3.0610808166100001,
    1.06771313034,
    0.98646310331200004,
    0.96760015264699994,
    1.3056532786499999,
    -0.34600653116899999,
    0.245329200405,
    1.04628285091,
    1.3416483621299999,
    0.58061666631800002,
    0.54797588981400003,
    -0.29107055382699998,
    -0.56930084109900003,
    -0.34821374566000002,
    -0.096752135451000004,
    0.29103413605399997,
    0.032699791414700002,
    0.47670117193099998,
    -0.15027615859599999,
    -0.72880316383900001,
    -0.22642499014800002,
    0.43827324655299998,
    0.19998002733100001,
    0.17195452311700002,
    0.334582436436,
    0.46559216343599996,
    -0.498902817316,
    -0.12616775096400001,
    -0.91032130975100001,
    -0.98693546245100006,
    0.020317565547099996,
    0.48392396817299999,
    0.19983505663600001,
    0.42501841460299999,
    0.83974385956599995,
    0.013581717667200002,
    0.032902582639700001,
    0.74722384844899992,
    1.0993703712799998,
    1.3404747151700001,
    0.67989127707499997,
    0.26263346995000003,
    -0.11497587200999999,
    0.38774879299000004,
    0.605916112319,
    0.0254987701761,
    0.26491370037700002,
    0.32570185602599999,
    0.203154940674,
    0.17033390729699999,
    -0.033637885323499997,
    0.19509433890900002,
    0.64550387790499997,
    0.53338588804499998,
    0.12544230280300001,
    -0.85180257272000004,
    -0.657801244023,
    -0.69854445207000004,
    -0.32458569264199999,
    -0.20527352697299997,
    -0.234338882735,
    -0.084681298501600014,
    -0.044348650314600002,
    0.33585257682199998,
    -1.40540428282,
    -0.90782290890599993,
    -0.71043344555600008,
    -0.047808429996199997,
    -0.89487510002299997,
    -1.25307965162,
    -0.33151447722399996,
    0.032732180290699998,
    0.199052807749,
    0.89211510361599999,
    0.19774625836399998,
    -0.17851093599100001,
    -0.23330757910100003,
    0.418430183038,
    -0.19169794509799998,
    0.057243557154999999,
    -0.096408239615000002,
    -0.42241939719099997,
    -0.29570341905800002,
    -0.304968552113,
    0.016025321226500001,
    -0.212697048483,
    -0.34826759980999999,
    0.21008372525600003,
    0.41364495801700002,
    -0.49374967170900003,
    -0.58541215410800007,
    0.29330958700900001,
    1.0284496993300001,
    0.40996173492799998,
    -0.36306687476099997,
    -0.17868416364599998,
    0.055354724801699992,
    0.56861165414800008,
    1.2872613216,
    0.449317441298,
    0.051709415258800004,
    -0.42858871891900002,
    0.19410094882100001,
    1.4434587400200001,
    0.99287879867599993,
    -0.0014567575079300001,
    -0.25077848255199997,
    -0.94511926878099994,
    -0.90805093384699997,
    0.11782584459100001,
    -0.065355160539999999,
    0.82822655510700005,
    1.3369328781200001,
    0.183099181262,
    0.36425831797700003,
    -0.739057357129,
    -0.80648165660600002,
    -0.27014253405999999,
    0.361139720617,
    0.52059159777099995,
    -0.59858005157700001,
    -0.58274318897299993,
    -0.51894318338299994,
    -0.255844589786,
    -1.7696592903099999,
    -2.21534841804,
    -0.83508585913299993,
    0.104809799244,
    0.28699415351199997,
    -0.062317116000900001,
    -0.53515682421599997,
    -0.17949748065000001,
    -0.13893735478200001,
    -0.24123870115600002,
    -0.32809624948600002,
    -1.17888878188,
    -0.46741237222400001,
    -0.050606115491599997,
    0.14887214612999999,
    0.14019969782800001,
    -0.095937843415300011,
    -0.059881103069400005,
    -0.022421370061499999,
    0.30206429421199998,
    0.39315687789199999,
    -1.4039279284999999,
    -0.79742123294400002,
    0.044760508009400006,
    0.10942804463099999,
    -0.0846369531471,
    -0.40979058200400004,
    -0.77037222092899993,
    -0.30227228730400002,
    -0.039123647591499999,
    -0.70299363771400003,
    -0.57427550021100005,
    0.17332644766300001,
    0.63192204800899998,
    0.56645914720299995,
    -0.48435656349200001,
    -0.098653979210800005,
    0.35276715437299999,
    0.036143630492099996,
    -0.21016283604699998,
    0.52044300642300001,
    0.63666463375500004
  ],