{
  "anomalies" : [
    {
      "end" : 90,
      "start" : 41,
      "type" : "Metal bumps"
    },
    {
      "end" : 155,
      "start" : 115,
      "type" : "Metal bumps"
    }
  ],
  "metadata" : {
    "duration" : 5.32,
    "md5_hash" : "",
    "samples" : []
  },
  "rot_acc_x" : [
    -0.67011584870300001,
    -0.64865364953000004,
    -0.60365856210000002,
    -0.51623785832199998,
    -0.44627943771700002,
    -0.39924186956399998,
    -0.395074334473,
    -0.59718989384199994,
    -0.70056457156800001,
    -0.65876076689200003,
    -0.594023050095,
    -0.603498670317,
    -0.73128082189099997,
    -0.86323453675999995,
    -0.682678086904,
    -0.82575225484500003,
    -0.72063140242400003,
    -0.56496724788899999,
    -0.28979286206599997,
    -0.300450337944,
    -0.493640635607,
    -0.61315086689499998,
    -0.63096155729799996,
    -0.753138416857,
    -0.843597849196,
    -0.86733103399599998,
    -0.99039126375800002,
    -0.93870191079200005,
    -0.73002480103,
    -0.69201843638400007,
    -0.60054476748000007,
    -0.70275557827900004,
    -0.76646599884200006,
    -0.62029545325800006,
    -0.30118793333599997,
    0.034499556861499997,
    0.31142011738000003,
    0.40116009950499998,
    0.44093851133199996,
    0.134407761885,
    -0.125125252416,
    -0.19357212706599999,
    -0.20194152944300001,
    -0.135321223706,
    -0.44965245653399999,
    -0.41292082967900001,
    -0.30599615347800002,
    -0.115186655,
    0.145673989767,
    0.55207771118600002,
    0.55018100527299996,
    0.52706132888400004,
    0.35824730022200002,
    0.49191195673499999,
    0.96981927009200009,
    0.91280327151500007,
    0.71314430559300002,
    0.55281530657799993,
    0.49400854388999998,
    0.39417540492600001,
    0.41384699643899997,
    0.334742645911,
    0.15424384513800002,
    -0.119815694678,
    -0.33428661190000003,
    -0.21959175630999997,
    0.16055607806700001,
    0.023911646231900001,
    -0.080550375959199991,
    -0.215339967247,
    -0.42113034027199997,
    -0.78776370627500003,
    -0.55780284960299997,
    -0.120709153648,
    0.34574616755699999,
    0.597361949088,
    0.708515265916,
    0.46598463787400002,
    -0.0176406886819,
    -0.32008356905399998,
    -0.38314212080499999,
    -0.10926118970200001,
    0.46574895182899995,
    0.81161369638699998,
    0.92095513302499998,
    0.72857806856499996,
    0.41543327935000002,
    0.12084943229699999,
    0.0781782231711,
    0.109689146217,
    0.177270639393,
    0.27898323994599999,
    0.35067387472400002,
    0.35366358236400003,
    0.43457578487499998,
    0.23122934893000002,
    0.114806307372,
    -0.10915419059499999,
    0.15695746197300001,
    0.73265527712,
    0.46998365301899997,
    0.41022120370399995,
    0.33225887582399999,
    0.24437979480799998,
    0.150410600304,
    0.12614027310500001,
    -0.060484445959099999,
    -0.138216576605,
    -0.137004416958,
    -0.23943186776799999,
    -0.20418058202199998,
    0.0120365098952,
    -0.22674899903999998,
    -0.40144003182999999,
    -0.34387680208600002,
    -0.25640304918200002,
    -0.24216420153299997,
    0.037577546679199998,
    0.174346637247,
    0.088137936665100003,
    0.082718408919499997,
    0.16247150090999998,
    0.00068142808392400011,
    -0.55762021268399997,
    -0.71986866274799999,
    -0.57102343248099996,
    -0.58106902900500002,
    -0.297120813549,
    0.272567282327,
    0.46817031222400002,
    0.56557493523699998,
    0.54785309876400001,
    0.29542443451699996,
    -0.11695467397600001,
    -0.25534125230099997,
    0.155741274121,
    0.57119894418200001,
    0.48569203418899998,
    0.56581062128199999,
    0.32949476546100004,
    -0.30057959663299999,
    -0.053896122225099999,
    0.15293733074999999,
    0.072522437629,
    -0.061657673453099998,
    -0.131029029884,
    -0.065735453759000001,
    0.049545565150600004,
    -0.038951052481499999,
    -0.29134391192600001,
    -0.56780609520699998,
    -0.80651596633099998,
    -0.85230154182899998,
    -0.53031575688100008,
    -0.33646365808799999,
    -0.20464265836100001,
    -0.016964770578100002,
    -0.042651582172700001,
    0.025186384022499998,
    0.189837477551,
    0.32215578666799999,
    0.48969507753899999,
    0.46950343150099999,
    0.57169625357199993,
    0.68875391961900001,
    0.46947222665499999,
    0.28284750759100002,
    0.24716904945400001,
    0.36379954310999996,
    0.42730235512500003,
    0.43860454426000006,
    0.57586781686800004,
    0.57582798385900003,
    0.65913970248499998,
    0.43150585146799997,
    0.26803661359600001,
    0.11181659973300001,
    -0.030164566481499996,
    0.053147152144599995,
    0.136086926932,
    0.177313599751,
    -0.013420104465299999,
    -0.19335458619900001,
    -0.41219186244799999,
    -0.61731034557499997,
    -0.29631917940800001,
    0.269808660777,
    0.14576687190199999,
    -0.271298197149,
    -0.17275761204999998,
    -0.54650838777499999,
    -0.387209812343,
    0.017521743134500001,
    -0.086044602973199991,
    0.085031626704200003,
    0.37098354718000004,
    0.59934030486500001,
    0.069844577087899998,
    -0.40898721804999999,
    -0.77275956335099993,
    -0.97848382758100005,
    -0.49245585756000004,
    -0.0017489260856,
    0.46360017727499997,
    0.23235062229100001,
    0.0059344317321699995,
    -0.22024713008699998,
    -0.20958965420899997,
    -0.26407432238299999,
    -0.22260681319299999,
    -0.0075457044459100002,
    0.17793699197099999,
    -0.166603993876,
    -0.21301556570099997,
    -0.36973288895499995,
    -0.19511199316399999,
    -0.196425663108,
    -0.099595447901799999,
    0.118984454473,
    0.035343045546900001,
    0.0133077427225,
    0.20397533814499999,
    0.376987205888,
    0.39059142904700006,
    0.45970413303300001,
    0.17740387777800001,
    -0.06396288333599999,
    0.081669791648500009,
    0.49275231806999997,
    0.49820780706900003,
    0.19408978985599998,
    -0.12395462902999999,
    -0.23442487219799998,
    -0.040807402143999999,
    0.52789766201400001,
    0.38410864381499998,
    0.016297450362100001,
    0.081070971961699989,
    0.20756532607700001,
    0.23092825936799999,
    0.054890879182299998,
    0.23669932169399999,
    0.22020377384100001,
    0.36150039378999999,
    0.57904987258100005,
    0.42863762670100003,
    0.44655828711099999,
    0.38652540425399995,
    0.37708008802299997,
    0.36694266667099995,
    -0.0013845531027399998,
    -0.12989018309600001,
    -0.141703642144,
    0.13742919761399999,
    0.33714121266199998,
    0.57659730733999992,
    0.63600419386999996,
    0.216032210546,
    0.097077838585800005,
    0.24037267474399998,
    0.25041811481699999,
    0.44408863399699999,
    0.33843466738200001,
    0.14292049141499999,
    0.043548857038699991,
    0.00683907446379
  ],