{
  "anomalies" : [
    {
      "end" : 105,
      "start" : 65,
      "type" : "Metal bumps"
    },
    {
      "end" : 225,
      "start" : 185,
      "type" : "Metal bumps"
    }
  ],
  "metadata" : {
    "duration" : 5.14,
    "md5_hash" : "",
    "samples" : []
  },
  "rot_acc_x" : [
    0.81372191296000007,
    -0.20796222667399999,
    -0.67272311336899993,
    -1.1288681063200001,
    -0.166059465031,
    -0.26933637446399999,
    -0.78393703213099997,
    -0.29590477137299998,
    -1.1467220937,
    -0.34272115149300003,
    -1.19272588221,
    -1.07899882509,
    -0.47075651348800002,
    0.47719596325499997,
    -0.18288909746800003,
    -0.44489455714199999,
    -0.24276937635600002,
    -0.81357600871500002,
    -0.39328089327100002,
    0.40452032575699998,
    -0.27062996387299998,
    -0.22732296559999998,
    0.39952585987899997,
    0.72058302681799991,
    -0.015289700460399999,
    -0.015855926656599999,
    0.265783903938,
    0.95901462412400007,
    0.78005566041500007,
    -0.253331620614,
    0.79626238212699996,
    0.38057276624399999,
    -0.20556243451299999,
    0.0097477820337800013,
    0.96831788106000005,
    0.42847536997399999,
    1.07138731586,
    0.77574107302200002,
    0.075245727092899992,
    0.18092581562100002,
    0.28926574116600001,
    0.48779590696699998,
    0.85053957604899999,
    0.68724598156299999,
    0.45118910544099999,
    0.29700897183399999,
    -0.25532106851500003,
    -0.294178662965,
    0.60770856134599993,
    0.76306924427300005,
    0.39212681610399996,
    0.29884362416400001,
    0.91945667501499995,
    -0.23497147216100001,
    -0.016114174312999999,
    0.51580250518399995,
    0.99904057955699999,
    0.59696740920199998,
    0.28372002869500001,
    1.0592701371700002,
    0.99316016956100006,
    0.51106938432899995,
    0.570267391864,
    0.16409928055,
    -0.18954070659000002,
    0.48144948511800001,
    0.54133156120600001,
    0.655909960347,
    0.81426806771599991,
    0.43237173000399998,
    0.51894293525900004,
    -0.91103416935000003,
    0.56753560114699997,
    -0.174883122976,
    0.045476828644900005,
    0.79428922033299998,
    -0.019121989893099999,
    0.15792966328800001,
    -0.62851289080600004,
    1.9620131996799999,
    1.6165273768000001,
    -2.07333157875,
    -1.12120811592,
    0.18140032277699999,
    -0.50799441494200004,
    0.71661192182099998,
    1.5953611897,
    0.96449167753099996,
    0.71433636402,
    -1.9075682328799999,
    -0.019800568211499999,
    -1.25377622064,
    0.142377044585,
    0.70017106476699997,
    -0.45763284935599996,
    1.8589296807099998,
    -1.9377716384599999,
    0.162804888008,
    0.072593177510399995,
    -0.90165796464699999,
    -0.31170654676199999,
    -1.07486683862,
    -0.060320605206400001,
    -0.59421724323500003,
    0.73493871779599995,
    0.34018564984399996,
    -0.25128380615200002,
    1.15892491424,
    0.040694126098899996,
    -0.289319718015,
    -0.86565838340699997,
    0.0037261636056999995,
    -0.058326164104399995,
    0.64048756960800002,
    0.084638310201500006,
    -0.137664604995,
    0.48302039955700005,
    0.71824699915599999,
    0.45625791788699999,
    0.654311779333,
    0.32512681294099999,
    0.160805759805,
    -0.19185765688,
    -0.13629196538499999,
    0.47713040155699998,
    -0.47917832247500003,
    0.15095464320999999,
    -0.36740795645499996,
    -0.47125069368600003,
    -0.52921527557299997,
    -0.39671462838299998,
    -0.60222561059599999,
    -0.99732466264099995,
    -0.028028084973400001,
    0.124734224864,
    -0.14293199837000001,
    -0.60639389771999996,
    -0.157659830784,
    0.067162707063499999,
    -0.420454117598,
    -0.52900720527599998,
    -1.1581787773799999,
    -0.86573033710700009,
    -0.037675130405399999,
    -0.73186783984199999,
    -1.33501856859,
    -1.04142283918,
    -0.235122169962,
    0.211795518884,
    -0.41128387989200005,
    0.65437734103,
    0.70256366179199992,
    -0.20282146052700001,
    0.23491420067499999,
    0.91693295459500002,
    0.30247454140200003,
    0.29397918897899999,
    0.72708154526999991,
    -0.22054652645,
    -0.30355018056700001,
    0.12322707492399999,
    0.201650103187,
    0.121578410451,
    0.143899081831,
    0.097426184107000005,
    -0.36748270142200001,
    -0.90782079150799999,
    0.212400346302,
    0.0533595628448,
    0.33489917909700001,
    0.12843808986999999,
    0.118429791173,
    0.36632862425499996,
    0.43140803585199999,
    -0.67546408735599994,
    -0.90164707647599995,
    -1.1359222688999999,
    -0.19584064411499999,
    0.123370676225,
    -0.149082538259,
    0.43265693813600004,
    0.92281237052300003,
    0.37322020679399998,
    -0.91281315408600006,
    -0.49483709223099998,
    0.23859979144000001,
    0.62756797663800001,
    0.065945261422800008,
    0.51147702961999997,
    -0.81097174699300001,
    -0.94663429450100001,
    -0.48904231537299997,
    -0.023588269154500002,
    -0.12671987872099999,
    0.35392053339699997,
    0.49546169369999998,
    0.24382439352499999,
    -0.14875233690199999,
    0.80639451678499996,
    -0.735069740182,
    -1.35829074579,
    -0.139592681266,
    -2.6127287450900001,
    -0.56521755578100008,
    -0.78907540540900012,
    -0.075098522681300003,
    -1.3653357251,
    -2.8335801779400005,
    0.89311462264300001,
    2.5693350068299998,
    0.27613069183,
    2.8981719023600001,
    4.3148831403300001,
    2.3868643670400003,
    3.1780955186500002,
    1.43952261268,
    1.09492862889,
    -0.30225659115800002,
    -1.46559672838,
    -1.48894684655,
    -0.46297768666599998,
    -1.9298352247999999,
    -1.3521998726299997,
    0.10596063478499999,
    -1.02573310982,
    0.497931138991,
    0.27207804512799999,
    0.36331072363799999,
    -0.133851086836,
    -0.52975863906300003,
    -0.83397608852799998,
    -0.062594267172700002,
    -1.8025303233800001,
    -1.10210832362,
    -0.94136320809100005,
    -0.52106160834699999,
    -0.54920131809299999,
    -0.38117829578599999,
    -0.43464119319200001,
    -0.34258534099600002,
    -0.16088000536399999,
    -0.76143955616299996,
    0.19302332126899999,
    0.128899414622,
    0.76764307338899995,
    0.74484859935100001,
    -0.15384082238999999,
    -0.7415217743100001,
    0.027812232582999998,
    -0.25347183498100001,
    -0.25553732801500001,
    0.68943090668899998,
    -0.37331932606099999,
    0.15454820883500001,
    -1.0588732790399999,
    0.111731391626,
    -0.09292390158250001
  ],